user_id,type,ts
U02KN69U67L,help,1696724163.039509
U02KN69U67L,prusa1,
U02KN69U67L,help,1696724291.276959
U02KN69U67L,prusa_1,
U02KN69U67L,prusa_1,
U02KN69U67L,prusa_1
U02KN69U67L,help,Sat Oct  7 17:30:37 2023
U02KN69U67L,help,2023-10-07 17:32:17.796008
